gameId	creationTime	gameDuration	seasonId	winner	firstBlood	firstTower	firstInhibitor	firstBaron	firstDragon	firstRiftHerald	t1_champ1id	t1_champ1_sum1	t1_champ1_sum2	t1_champ2id	t1_champ2_sum1	t1_champ2_sum2	t1_champ3id	t1_champ3_sum1	t1_champ3_sum2	t1_champ4id	t1_champ4_sum1	t1_champ4_sum2	t1_champ5id	t1_champ5_sum1	t1_champ5_sum2	t1_towerKills	t1_inhibitorKills	t1_baronKills	t1_dragonKills	t1_riftHeraldKills	t1_ban1	t1_ban2	t1_ban3	t1_ban4	t1_ban5	t2_champ1id	t2_champ1_sum1	t2_champ1_sum2	t2_champ2id	t2_champ2_sum1	t2_champ2_sum2	t2_champ3id	t2_champ3_sum1	t2_champ3_sum2	t2_champ4id	t2_champ4_sum1	t2_champ4_sum2	t2_champ5id	t2_champ5_sum1	t2_champ5_sum2	t2_towerKills	t2_inhibitorKills	t2_baronKills	t2_dragonKills	t2_riftHeraldKills	t2_ban1	t2_ban2	t2_ban3	t2_ban4	t2_ban5
3326086514	1504279457970	1949	9	1	2	1	1	1	1	2	8	12	4	432	3	4	96	4	7	11	11	6	112	4	14	11	1	2	3	0	92	40	69	119	141	104	11	4	498	4	7	122	6	4	238	14	4	412	4	3	5	0	0	1	1	114	67	43	16	51
3229566029	1497848803862	1851	9	1	1	1	1	0	1	1	119	7	4	39	12	4	76	4	3	10	4	14	35	4	11	10	4	0	2	1	51	122	17	498	19	54	4	12	25	4	14	120	11	4	157	4	14	92	4	7	2	0	0	0	0	11	67	238	51	420
3327363504	1504360103310	1493	9	1	2	1	1	1	2	0	18	4	7	141	11	4	267	3	4	68	4	12	38	12	4	8	1	1	1	0	117	40	29	16	53	69	4	7	412	14	4	126	4	12	24	4	11	22	7	4	2	0	0	1	0	157	238	121	57	28
3326856598	1504348503996	1758	9	1	1	1	1	1	1	0	57	4	12	63	4	14	29	4	7	61	4	1	36	11	4	9	2	1	2	0	238	67	516	114	31	90	14	4	19	11	4	412	4	3	92	4	14	22	4	7	0	0	0	0	0	164	18	141	40	51
3330080762	1504554410899	2094	9	1	2	1	1	1	1	0	19	4	12	29	11	4	40	4	3	119	4	7	134	7	4	9	2	1	3	0	90	64	412	25	31	37	3	4	59	4	12	141	11	4	38	4	12	51	4	7	3	0	0	1	0	86	11	201	122	18
3287435705	1501667992132	2059	9	1	2	2	1	1	2	0	40	3	4	141	11	4	24	12	4	45	3	4	67	4	7	8	1	1	1	0	117	6	238	122	105	92	4	12	15	4	7	245	12	4	2	4	11	12	4	14	6	0	0	3	0	119	134	154	63	31
3314215542	1503430065724	1993	9	1	1	2	1	1	1	1	74	3	4	17	4	12	412	3	4	18	4	7	57	4	11	10	2	1	2	1	157	11	141	32	35	53	4	14	21	4	7	114	12	4	161	21	4	19	11	4	2	0	0	0	0	75	42	31	40	429
3329224025	1504472363684	1334	9	1	1	1	0	0	2	1	150	12	4	498	7	4	16	4	3	90	4	14	79	11	4	6	0	0	0	1	117	19	157	29	18	112	4	7	64	11	4	497	14	4	67	4	7	57	4	12	0	0	0	2	0	157	38	122	40	238
3318040883	1503686577549	1387	9	2	2	2	2	0	2	2	111	12	4	57	4	11	18	7	4	267	4	3	161	3	4	0	0	0	0	0	154	117	31	126	157	29	7	4	59	4	12	99	21	4	141	4	11	63	14	4	8	1	0	2	1	28	51	53	157	40
3327786881	1504385918871	2681	9	2	2	2	2	2	2	0	427	4	3	11	11	4	75	12	4	429	7	4	131	4	14	10	1	0	2	0	31	238	141	17	119	35	4	11	110	4	7	74	4	14	99	3	4	86	12	4	8	3	1	2	0	64	141	84	67	53
3325996400	1504273919929	1391	9	2	2	2	2	2	2	2	99	4	21	236	7	4	143	4	3	57	4	11	111	12	4	0	0	0	1	0	114	40	31	67	157	7	4	14	10	12	4	105	11	4	18	7	4	89	3	4	10	2	1	1	1	19	74	122	59	412
3284613292	1501452879926	1671	9	1	1	2	1	0	2	1	22	7	4	4	4	7	33	11	4	157	12	4	53	4	3	10	1	0	0	1	45	92	31	141	119	432	4	3	114	4	12	32	4	11	101	7	4	21	7	4	2	0	0	2	0	103	154	412	6	64
3321570535	1503947039120	2071	9	1	1	1	0	1	2	1	79	4	11	105	4	14	86	4	12	37	4	7	22	4	7	6	0	1	2	1	157	99	164	51	85	15	4	14	40	4	3	238	4	14	11	4	12	5	11	4	3	0	0	1	0	143	64	254	53	122
3323144943	1504057872709	1942	9	1	2	2	1	0	1	0	143	3	4	7	4	12	421	11	4	24	12	4	51	4	7	7	1	0	1	0	31	412	79	141	420	1	4	14	64	11	4	202	4	7	81	4	14	84	4	14	3	0	0	2	0	154	498	117	141	19
3329332855	1504479222082	2374	9	2	2	2	1	1	2	0	40	4	3	103	4	14	498	7	4	92	14	4	141	11	4	8	1	1	2	0	238	11	1	122	63	99	3	4	64	11	4	134	4	14	24	4	12	29	4	7	9	2	0	2	0	31	67	202	53	119
3322311228	1503994240897	1717	9	1	2	1	1	0	1	0	23	12	4	55	14	4	18	7	4	32	11	4	16	3	4	7	1	0	2	0	31	7	80	90	29	40	4	3	64	11	4	15	4	7	103	4	14	150	4	12	0	0	0	0	0	53	117	141	122	157
3316242660	1503574693354	2390	9	2	2	2	2	2	2	0	67	4	7	40	3	4	268	4	21	5	11	4	92	4	12	3	0	0	1	0	516	122	3	31	8	105	4	14	113	11	4	202	7	4	16	4	3	82	4	12	9	3	2	4	0	18	134	53	420	29
3330057565	1504555731094	1994	9	1	2	1	1	1	1	1	114	4	12	81	11	4	40	4	3	119	7	4	245	4	12	11	6	1	2	1	141	134	150	16	117	31	4	11	37	4	3	23	4	14	61	4	12	222	4	7	2	0	0	0	0	141	1	11	29	122
3318940474	1503749118008	1513	9	2	1	2	2	0	2	0	222	7	4	64	4	11	44	4	3	245	4	12	39	12	4	0	0	0	0	0	90	67	31	7	18	50	4	12	17	14	4	63	14	4	59	11	4	236	7	4	11	3	0	2	0	31	141	119	122	238
3320637674	1503859605802	1898	9	2	1	2	2	2	1	1	421	4	11	42	4	3	59	12	4	18	4	7	497	3	4	4	0	0	3	1	8	29	113	154	31	119	4	7	267	4	14	41	12	4	121	4	11	4	14	4	11	2	1	1	0	117	54	113	157	40
3295071448	1502209333389	2026	9	2	1	1	1	2	1	2	134	4	3	36	4	12	32	4	11	89	4	3	119	4	7	5	1	0	1	0	141	6	154	157	69	117	4	3	67	7	4	104	4	11	238	14	4	17	4	14	11	3	1	2	1	31	20	157	57	6
3321629795	1503952076669	1962	9	2	1	2	2	2	1	0	238	4	14	40	3	4	79	4	12	29	4	7	57	4	11	2	0	0	1	0	245	150	31	53	3	131	11	4	86	14	4	202	4	7	44	4	3	74	4	12	9	1	1	2	0	11	122	141	114	67
3289287394	1501791764020	1511	9	2	1	2	2	0	2	0	96	4	7	117	4	3	7	12	4	104	11	4	6	12	4	2	0	0	0	0	29	119	61	238	51	23	12	4	31	4	11	222	7	4	40	3	4	4	14	4	10	2	0	2	0	154	61	119	113	57
3315917080	1503528018225	1756	9	1	1	1	1	1	1	1	122	12	4	429	7	4	412	14	4	4	6	4	9	11	4	11	3	1	3	1	96	18	38	117	28	498	7	4	40	3	4	150	12	4	61	4	1	56	4	11	2	0	0	0	0	31	96	29	157	516
3319260786	1503767869347	2173	9	2	2	2	2	0	1	0	498	4	14	28	11	14	105	4	14	23	4	12	45	7	4	2	0	0	1	0	157	17	245	51	53	101	4	3	150	4	12	67	4	7	38	4	12	19	4	11	11	3	0	0	0	24	11	91	51	53
3287686351	1501687537145	2211	9	2	2	2	2	0	2	1	41	4	14	23	14	4	222	4	7	60	11	4	412	4	3	2	0	0	0	1	48	119	92	157	51	163	4	7	122	4	12	29	11	4	67	7	4	53	4	3	10	2	0	3	0	11	17	74	157	105
3327949154	1504397744603	2472	9	2	2	2	1	1	2	2	67	4	7	112	7	4	40	4	3	9	4	11	84	4	14	10	3	1	2	0	141	57	17	117	238	27	12	6	429	4	21	61	4	12	412	4	14	24	4	11	10	2	1	3	1	119	113	117	150	238
3329435919	1504512692253	1342	9	2	2	2	0	0	2	0	19	4	11	31	12	4	22	7	4	89	3	4	45	4	3	0	0	0	0	0	6	238	105	122	16	117	4	3	51	7	4	150	4	12	103	4	14	29	4	11	5	0	0	2	0	113	55	40	18	114
3328637035	1504454938210	2288	9	2	1	2	2	2	2	2	78	12	4	157	4	14	37	14	4	51	4	7	76	11	4	4	0	0	1	0	53	18	29	24	75	164	4	12	432	4	14	77	11	4	50	4	14	96	7	4	7	2	1	3	1	72	91	16	75	31
